config,seed,graph,n_snps,n_blocks,qpgraph_true_score,qpgraph_worst_residual,gate_passed,find_graphs_best_score,score_gap,n_topologies,topology_equal,set_distance,covariance_distance,admixed_exact,admixed_precision,admixed_recall,sources_correct,clades_exact,true_admixed,inferred_admixed,rank_of_truth,identifiability_flag,outcome,f2_se_norm,numstart,t_simulate,t_export,t_extract_f2,t_qpgraph,t_find_graphs,find_graphs_run_secs_mean
trivial,1,trivial,540575,50,10.4801344099342,2.01688223709118,True,10.4801344099342,0.0,94,True,0,4.2814999651898586e-16,True,1.0,1.0,,True,,,1.0,False,recovered,0.00189021525973746,10,187.60920786857605,2.27817702293396,22.730682134628296,1.9900531768798828,0.005330085754394531,21.1383
trivial,2,trivial,539950,50,12.0662390450918,2.73453305438641,True,12.0662390450918,0.0,94,True,0,5.115228621852934e-16,True,1.0,1.0,,True,,,1.0,False,recovered,0.00189681820698069,10,188.25284910202026,2.0998458862304688,22.64080309867859,1.9994969367980957,0.07605504989624023,22.6172
trivial,3,trivial,539697,50,8.03075468739564,1.77730085440263,True,8.03075468739561,-3.019806626980426e-14,90,True,0,3.4453372609382094e-16,True,1.0,1.0,,True,,,1.0,False,recovered,0.00183864238370947,10,186.3594868183136,2.241908073425293,23.955001831054688,1.9744288921356201,0.005207061767578125,27.967400000000005
easy,1,easy,624641,50,4.46814604756842,1.89435230910509,True,4.46814604756842,0.0,419,True,0,6.953987766949869e-11,True,1.0,1.0,True,True,P3,P3,1.0,False,recovered,0.00179625123581643,10,230.5804033279419,2.12076997756958,16.8032968044281,2.0111358165740967,0.014183282852172852,36.0573
easy,2,easy,621490,50,4.55020333155676,1.50623787091339,True,4.55020333138481,-1.7194956569710484e-10,508,True,0,3.941473946118299e-09,True,1.0,1.0,True,True,P3,P3,1.0,False,recovered,0.00199944452275696,10,191.84737181663513,2.8931610584259033,21.967734813690186,1.6249542236328125,0.014741182327270508,44.201
easy,3,easy,621564,50,1.55119222805686,1.21294937727528,True,1.55119222794796,-1.089000001286422e-10,442,True,0,4.599199983014616e-09,True,1.0,1.0,True,True,P3,P3,1.0,False,recovered,0.00187153709732272,10,191.22953295707703,2.469736099243164,22.082061052322388,1.7544660568237305,0.012120723724365234,38.7943
m1,1,m1,549051,50,1.14009273691707,1.06781702880389,True,1.14009273677039,-1.4668000147821658e-10,162,True,0,5.3065447458326215e-09,True,1.0,1.0,True,True,popA,popA,1.0,False,recovered,0.00175170823642187,10,130.88300204277039,1.5271070003509521,11.672855138778687,1.7055208683013916,0.008219242095947266,40.3346
m1,2,m1,548665,50,3.42188441316876,1.85017550924773,True,3.42188441316854,-2.19824158875781e-13,140,True,0,4.284629674567475e-11,True,1.0,1.0,True,True,popA,popA,1.0,False,recovered,0.00182804403213706,10,175.27398586273193,1.5097742080688477,12.412482023239136,1.709536075592041,0.0066602230072021484,33.4341
m1,3,m1,551333,50,0.0589640316607419,0.241840404139443,True,0.0589640316652253,4.483399762555962e-12,152,True,0,2.8147254548898966e-10,True,1.0,1.0,True,True,popA,popA,1.0,False,recovered,0.00180185687688295,10,181.74744391441345,1.7523729801177979,10.800454139709473,1.8820700645446777,0.006822109222412109,33.1591
moderate,1,random_n8_a2_s1,678460,50,25.4299293246576,2.63219320755924,True,25.4295693832748,-0.0003599413828005993,2565,True,0,3.2565223489204447e-06,True,1.0,1.0,True,True,P4,P4,1.0,False,recovered,0.00187285938099225,10,179.10805487632751,2.7971811294555664,39.9359290599823,2.022120952606201,0.06506800651550293,122.73740000000001
moderate,2,random_n8_a2_s2,665637,50,17.581755988003,2.55630097071781,True,17.5817559879959,-7.098321930243401e-12,3031,True,0,6.499179510749159e-10,True,1.0,1.0,True,True,P7 P8,P7 P8,1.0,False,recovered,0.00202197727064677,10,170.62687802314758,3.475032091140747,47.809962034225464,1.987593173980713,0.08375906944274902,129.63150000000002
moderate,3,random_n8_a2_s3,693016,50,13.4370060968912,1.91902769132209,True,8.68405250199883,-4.75295359489237,3034,False,2,0.0005921659014425281,True,1.0,1.0,,True,,,8.0,True,alternative_fits,0.00194950428627781,10,187.79845523834229,4.96577787399292,40.71034216880798,2.0668702125549316,0.11430788040161133,142.55329999999998
hard,1,random_n8_a4_s1,736455,50,25.3610298919738,2.4789538019188,True,22.8014815807862,-2.5595483111876014,3621,False,4,0.0013695198514834576,False,1.0,0.6666666666666666,False,False,P3 P4 P7,P3 P4,,True,alternative_fits,0.00214901355645651,10,216.2946720123291,2.5751259326934814,28.01593804359436,1.9403221607208252,0.14989686012268066,203.9435
hard,2,random_n8_a4_s2,748722,50,17.9145252097882,2.49028524797044,True,17.9145252116203,1.8321024697343091e-09,3436,True,0,2.8169074319938975e-08,True,1.0,1.0,True,True,P6 P7,P6 P7,1.0,False,recovered,0.00227483288552794,10,194.42971515655518,4.620081901550293,25.077072858810425,1.8398468494415283,0.18258380889892578,224.9261
hard,3,random_n8_a4_s3,668681,50,11.6749155073136,2.20901247710484,True,20.6936170284048,9.018701521091202,4140,False,4,0.0008479731833305727,True,1.0,1.0,False,False,P2 P5,P2 P5,,False,search_failure,0.00190856948523117,10,149.61546111106873,2.222979784011841,28.747445106506348,1.8625609874725342,0.4149298667907715,309.00149999999996
