config,seed,graph,n_snps,n_blocks,qpgraph_true_score,qpgraph_worst_residual,gate_passed,find_graphs_best_score,score_gap,n_topologies,topology_equal,set_distance,covariance_distance,admixed_exact,admixed_precision,admixed_recall,sources_correct,clades_exact,true_admixed,inferred_admixed,rank_of_truth,identifiability_flag,numstart,t_simulate,t_export,t_extract_f2,t_qpgraph,t_find_graphs,find_graphs_run_secs_mean
trivial,1,trivial,540575,50,10.4801344099342,2.01688223709118,True,10.4801344099342,0.0,94,True,0,4.2814999651898586e-16,True,1.0,1.0,,True,,,1.0,False,10,187.60920786857605,2.27817702293396,22.730682134628296,1.3086750507354736,40.89319396018982,21.1383
trivial,2,trivial,539950,50,12.0662390450918,2.73453305438641,True,12.0662390450918,0.0,94,True,0,5.115228621852934e-16,True,1.0,1.0,,True,,,1.0,False,10,188.25284910202026,2.0998458862304688,22.64080309867859,1.17189621925354,42.666226863861084,22.6172
trivial,3,trivial,539697,50,8.03075468739564,1.77730085440263,True,8.03075468739561,-3.019806626980426e-14,90,True,0,3.4453372609382094e-16,True,1.0,1.0,,True,,,1.0,False,10,186.3594868183136,2.241908073425293,23.955001831054688,1.3580102920532227,50.929692029953,27.967400000000005
easy,1,easy,624641,50,4.46814604756856,1.89435230910509,True,4.46814604756842,-1.3944401189291966e-13,419,True,0,2.356835973226499e-10,True,1.0,1.0,True,True,P3,P3,1.0,False,10,230.5804033279419,2.12076997756958,16.8032968044281,1.3334169387817383,71.96338891983032,36.0573
easy,2,easy,621490,50,4.55020333137464,1.50623787091337,True,4.55020333138481,1.0169642905566434e-11,508,True,0,7.21998744993665e-10,True,1.0,1.0,True,True,P3,P3,1.0,False,10,191.84737181663513,2.8931610584259033,21.967734813690186,1.2675118446350098,81.39406323432922,44.201
easy,3,easy,621564,50,1.55119222794759,1.21294937727523,True,1.55119222794796,3.6992631180510216e-13,442,True,0,9.971548115609822e-10,True,1.0,1.0,True,True,P3,P3,1.0,False,10,191.22953295707703,2.469736099243164,22.082061052322388,1.4608898162841797,77.40013790130615,38.7943
m1,1,m1,549051,50,1.14009273683899,1.06781702880387,True,1.14009273677039,-6.860001455777365e-11,162,True,0,3.912014224266801e-09,True,1.0,1.0,True,True,popA,popA,1.0,False,10,130.88300204277039,1.5271070003509521,11.672855138778687,1.3294079303741455,77.11860918998718,40.3346
m1,2,m1,548665,50,3.42188441317206,1.85017550924773,True,3.42188441316854,-3.5198510772715963e-12,140,True,0,3.5882867392923267e-10,True,1.0,1.0,True,True,popA,popA,1.0,False,10,175.27398586273193,1.5097742080688477,12.412482023239136,1.785494089126587,65.24893379211426,33.4341
m1,3,m1,551333,50,0.0589640316656822,0.24184040413941,True,0.0589640316652253,-4.568984079966754e-13,152,True,0,2.6395878720154355e-11,True,1.0,1.0,True,True,popA,popA,1.0,False,10,181.74744391441345,1.7523729801177979,10.800454139709473,1.1821918487548828,65.82142210006714,33.1591
moderate,1,random_n8_a2_s1,678460,50,25.4299293251938,2.63219714299606,True,25.4295693832748,-0.0003599419190010167,2565,True,0,3.257179342635872e-06,True,1.0,1.0,True,True,P4,P4,1.0,False,10,179.10805487632751,2.7971811294555664,39.9359290599823,1.8038311004638672,233.12876105308533,122.73740000000001
moderate,2,random_n8_a2_s2,665637,50,17.581755987997,2.55630097071781,True,17.5817559879959,-1.0977885267493548e-12,3031,True,0,1.6294654328042567e-10,True,1.0,1.0,True,True,P7 P8,P7 P8,1.0,False,10,170.62687802314758,3.475032091140747,47.809962034225464,1.8159191608428955,273.6458930969238,129.63150000000002
moderate,3,random_n8_a2_s3,693016,50,13.4374431445293,1.91972666374904,True,8.68405250199883,-4.753390642530471,3034,False,2,0.0005921511556945234,True,1.0,1.0,,True,,,8.0,True,10,187.79845523834229,4.96577787399292,40.71034216880798,1.1782989501953125,301.3345000743866,142.55329999999998
hard,1,random_n8_a4_s1,736455,50,25.3610298880186,2.47900425807119,True,22.8014815807862,-2.559548307232401,3621,False,4,0.0013695333870019266,False,1.0,0.6666666666666666,False,False,P3 P4 P7,P3 P4,,True,10,216.2946720123291,2.5751259326934814,28.01593804359436,1.1962332725524902,440.55556893348694,203.9435
hard,2,random_n8_a4_s2,748722,50,17.9145252106865,2.49028524797037,True,17.9145252116203,9.338023687632813e-10,3436,True,0,1.1845644567663551e-08,True,1.0,1.0,True,True,P6 P7,P6 P7,1.0,False,10,194.42971515655518,4.620081901550293,25.077072858810425,1.039353847503662,405.80139088630676,224.9261
hard,3,random_n8_a4_s3,668681,50,11.6749155079915,2.20901247710488,True,20.6936170284048,9.018701520413302,4140,False,4,0.0008479710707674909,True,1.0,1.0,False,False,P2 P5,P2 P5,,True,10,149.61546111106873,2.222979784011841,28.747445106506348,1.5633878707885742,582.2933020591736,309.00149999999996
