sequence_length,seed,arm,numstart,n_snps,gate_worst_residual,true_score,best_score,admixed,outcome,set_distance,rank_of_truth,t_find_graphs,run_secs_mean
10000000.0,1,pinned,10,54797,2.33320181415723,7.42756543446535,7.42756531599466,popA,A,0,1.0,70.01062321662903,35.978500000000004
10000000.0,1,free,10,54797,2.33320181415723,7.42756543446535,14.7912945094016,popA,A,4,3.0,72.40997695922852,37.6819
10000000.0,2,pinned,10,55167,3.19253834001274,11.1393614036348,11.1393611883404,popA,A,0,1.0,223.82156705856323,140.59949999999998
10000000.0,2,free,10,55167,3.19253834001274,11.1393614036348,11.851517894952,popA,A,0,1.0,74.73665714263916,37.6726
10000000.0,3,pinned,10,54796,2.81440618509121,8.04072104903922,8.04072081225099,popA,A,0,1.0,65.01521110534668,36.8837
10000000.0,3,free,10,54796,2.81440618509121,8.04072104903922,2.88329921666573,popA,A,5,,69.2329032421112,36.9199
30000000.0,1,pinned,10,165650,0.121372418487622,0.0159032519582184,0.0159032519559484,popA,A,0,1.0,62.2737181186676,33.8478
30000000.0,1,free,10,165650,0.121372418487622,0.0159032519582184,0.0155729602030072,popA,A,2,2.0,75.52272582054138,38.0696
30000000.0,2,pinned,10,163182,0.24952580981254,0.0626647132521012,0.0626647132511051,popA,A,0,1.0,65.74864506721497,33.4692
30000000.0,2,free,10,163182,0.24952580981254,0.0626647132521012,0.0626650747077099,popA,A,0,1.0,81.47249627113342,37.9794
30000000.0,3,pinned,10,165238,0.196874036457005,0.0393888746958763,0.0393888746958508,popA,A,0,1.0,64.80241298675537,33.370799999999996
30000000.0,3,free,10,165238,0.196874036457005,0.0393888746958763,0.0393227131039285,popA,A,4,3.0,81.0455710887909,38.495799999999996
100000000.0,1,pinned,10,549051,1.06781702880389,1.14009273684985,1.14009273677039,popA,A,0,1.0,0.09009099006652832,40.3346
100000000.0,1,free,10,549051,1.06781702880389,1.14009273684985,1.14005601433245,popA,A,0,1.0,59.31466603279114,33.6275
100000000.0,2,pinned,10,548665,1.85017550924768,3.42188441317382,3.42188441316854,popA,A,0,1.0,0.010279178619384766,33.4341
100000000.0,2,free,10,548665,1.85017550924768,3.42188441317382,3.42045365223416,popA,A,3,4.0,65.03211498260498,35.4873
100000000.0,3,pinned,10,551333,0.241840404139443,0.0589640316496143,0.0589640316652253,popA,A,0,1.0,0.01059103012084961,33.1591
100000000.0,3,free,10,551333,0.241840404139443,0.0589640316496143,0.0587334802803285,popA,A,2,2.0,71.85536122322083,35.3583
